Product Type,SKU,mean,count,score
Tablet,TBL345,3.0324927255092144,2062,2.977625274436031
Tablet,SKU1002,3.0,2042,2.9609608739539244
Laptop,SKU1005,3.0,2011,2.9606595561301448
Headphones,HDP456,2.9945273631840794,2010,2.957910305633589
Smartphone,SKU1004,2.001486620416254,2018,2.459907799682138
