Product Type,SKU,mean,count
Headphones,HDP456,2.9945273631840794,2010
Headphones,SKU1003,1.0,1
Laptop,LTP123,2.9688934217236103,1961
Laptop,SKU1004,4.0,1
Laptop,SKU1005,3.0,2011
Smartphone,SKU1001,5.0,1972
Smartphone,SKU1004,2.001486620416254,2018
Smartphone,SKU1005,2.0,1
Smartphone,SMP234,2.9894313034725717,1987
Smartwatch,SKU1003,3.0,1954
Smartwatch,SWT567,2.988888888888889,1980
Tablet,SKU1002,3.0,2042
Tablet,TBL345,3.0324927255092144,2062
